id,email,message,emailed_ok,created_at
d730f1cc-7d84-479b-8cbc-6bbf08c477e3,oketchloyd67@gmail.com,Ytuhdthijgfujj,f,2026-08-16 11:55:25.052657+00
0997aac7-9aca-4e1c-a321-8f1b8de5acb3,oketchloyd67@gmail.com,The site is great,f,2026-08-19 18:47:16.875419+00
fc2c2d08-23b4-414e-9275-bf270dec422c,oketchloyd67@gmail.com,The site is so great.,f,2026-08-19 19:13:18.727226+00
570195ad-e140-415e-b7df-7d8c366e1210,oketchloyd67@gmail.com,The website is awesome.,f,2026-08-19 19:33:52.65817+00
37ff4117-6a4d-48f9-afa5-f8909767ca8f,oketchloyd67@gmail.com,The website is so great.,f,2026-08-19 20:03:38.55213+00
346893fc-8025-4a99-8dc6-40c75137ae91,test@example.com,This is a test message,t,2026-08-19 20:19:01.364615+00
445b76e9-7b35-4910-b005-e13b7e02deaa,oketchloyd67@gmail.com,The website is so great.,f,2026-08-19 20:23:11.531203+00
abe9257d-8c5d-4178-bb0f-f8ec4b1b4f39,oketchloyd67@gmail.com,The website is so great.,f,2026-08-19 20:23:12.35485+00
f5e21d10-4480-476b-bcde-b11b5b3aa2c3,oketchloyd67@gmail.com,The website is  so great.,f,2026-08-19 20:25:36.721586+00
1b5b3266-e6b5-4af7-a416-86760acf9853,oketchloyd67@gmail.com,The website is  so great.,f,2026-08-19 20:26:02.103927+00
76a452f2-a0a2-45ce-be6f-1687d456a9eb,oketchloyd67@gmail.com,The website is  so great.,f,2026-08-19 20:27:07.021712+00
d8402ec0-b372-4893-9926-d837343786bc,oketchloyd67@gmail.com,The website is  so great.,f,2026-08-19 20:27:33.735447+00
11f28d24-016e-416a-9ee5-21025df2c09a,test@example.com,This is a test message,t,2026-08-19 20:38:53.399261+00
60ae33ea-5ed8-42dd-bb07-d646532b9462,test@example.com,This is a test message,t,2026-08-19 20:40:54.260146+00
ea7e5576-6cd3-4bb0-96dc-f5d4c52dfa1e,test@example.com,This is a test message,f,2026-08-19 20:44:21.972001+00
8b4a9625-c2be-4c8b-bf95-66dd16d6abc3,oketchloyd67@gmail.com,The website is so great.,f,2026-08-19 20:49:52.120864+00
fd9f2440-76a7-43a9-a2ca-b0bbd6e9be5c,oketchloyd67@gmail.com,The website is so great.,f,2026-08-19 20:49:57.603317+00
579657bf-d52e-45a6-b163-c62aaf00becb,oketchloyd67@gmail.com,The website is so great.,f,2026-08-19 20:49:59.17052+00
721f0d91-ad8f-493d-86c7-07032077acd2,test@example.com,This is a test message,f,2026-08-19 20:55:56.119177+00
0f5d197d-cdbe-4341-809d-a370273cc3ae,test@example.com,This is a test message,t,2026-08-19 21:07:35.58627+00
fe079402-01ec-4a3d-bb72-1c0dde3406f8,oketchloyd67@gmail.com,The website is so great.,f,2026-08-19 21:09:29.448481+00
e0a736d7-9edb-4b6f-a607-1d9a4353a428,oketchloyd67@gmail.com,The website is so great.,f,2026-08-19 21:09:54.346933+00
4fdfdba0-f58a-45d8-8225-e457687c313b,test@example.com,This is a test message,t,2026-08-19 21:14:22.988445+00
b3e27300-11fa-4204-be4a-6dd44e528d16,oketchcloyd67@gmail.com,The website is so great.,f,2026-08-19 21:17:33.791123+00
82535cad-d575-40d7-b705-643e27adeb7d,oketchcloyd67@gmail.com,The website is so great.,f,2026-08-19 21:17:43.367988+00
a810b168-f473-4e88-a658-b122af189cad,oketchcloyd67@gmail.com,The website is so great.,f,2026-08-19 21:17:57.218374+00
1196961b-21e7-4268-96cd-e3958b1d0ec6,oketchloyd67@gmail.com,The website is so great.,f,2026-08-19 21:26:24.12598+00
272eb4e9-46bc-4217-aa46-56dca75fe097,oketchloyd67@gmail.com,The website is so great.,f,2026-08-19 21:26:40.764622+00
31629b53-8736-4541-926b-872ca8ca8eca,test@example.com,This is a test message,f,2026-08-19 21:33:31.587797+00
1233731e-c17f-46c3-a7f0-451aae79e692,test@example.com,This is a test message,f,2026-08-19 21:34:19.620277+00
9d3f6338-35ce-46e3-a1f8-d6295d13b7db,oketchloyd67@gmail.com,The website is great.,f,2026-08-19 21:55:08.35048+00
7b56fc9c-d6f2-42f1-a728-ad7745dd9950,oketchloyd67@gmail.com,The website is great.,f,2026-08-19 21:55:12.669449+00
670785ea-fde4-4cb0-86f7-ca9f4231b7a2,oketchloyd67@gmail.com,The website is great.,f,2026-08-19 21:55:15.732461+00
04a681d3-9e2f-4e4d-bfda-5da793eebd03,oketchloyd67@gmail.com,The website is great.,f,2026-08-19 21:55:19.666575+00
6140f0a9-9b54-4987-82b2-9b1264b146d5,oketchloyd67@gmail.com,The website is great.,f,2026-08-19 21:55:20.627173+00
fc75b4d4-0db1-4ad3-b00d-a2c81283ec15,oketchloyd67@gmail.com,The website is great.,f,2026-08-19 21:55:21.285163+00
1a30743c-a8ea-4883-a3ab-ec2cfbc269e9,oketchloyd67@gmail.com,The website is great.,f,2026-08-19 21:55:21.32517+00
5bb352cb-7b73-43d8-874b-93fb08a4b12d,oketchloyd67@gmail.com,The website is great.,f,2026-08-19 21:55:21.504287+00
c381f533-b03c-4c96-a495-42d5de923d92,oketchloyd67@gmail.com,The website is great.,f,2026-08-19 21:55:21.563579+00
893a3b89-309f-4a5b-8fa1-0b8672bec92c,oketchloyd67@gmail.com,The website is great.,f,2026-08-19 21:55:21.571203+00
ba9c6240-aa6e-4cff-8c12-3325ce37c1ef,oketchloyd67@gmail.com,The website is great.,f,2026-08-19 21:55:24.20071+00
312279e9-953f-4445-b0ee-3cdee6f2fe31,oketchloyd67@gmail.com,The website is great.,f,2026-08-19 21:55:32.985586+00
eab4f475-8116-4527-a408-abad9cdfe235,oketchloyd67@gmail.com,The website is great.,f,2026-08-19 21:55:33.132392+00
ed059c6d-4ea1-48ca-95fc-02ba92aef5b4,oketchloyd67@gmail.com,The website is great.,f,2026-08-19 21:55:33.139329+00
90cf66a4-45f2-438f-aecd-1426f68b658c,oketchloyd67@gmail.com,The website is great.,f,2026-08-19 21:55:33.569414+00
f0c99419-66b7-446d-9751-471f6b6d059b,oketchloyd67@gmail.com,The website is great.,f,2026-08-19 21:55:34.657022+00
d17333f9-a585-41c2-95e7-b122ac82cba9,oketchloyd67@gmail.com,The website i so great.,f,2026-08-19 22:19:52.350188+00
6fec29ec-7b37-4f84-a979-1df8c184e447,oketchloyd67@gmail.com,The website is so great.,f,2026-08-19 22:23:01.142747+00
6ab9f2e1-86bc-4dee-9920-15e7fbb935a6,oketchloyd67@gmail.com,The website is so great.,f,2026-08-19 22:23:14.524688+00
ca610c62-b249-4670-93a8-c62d3092f6e0,oketchloyd67@gmail.com,The website is so great.,f,2026-08-19 22:23:29.360161+00
a0b291e3-afea-4d71-930b-c492e9b307d0,oketchloyd67@gmail.com,The website is so great.,t,2026-08-19 22:34:25.985454+00
4aa811a4-e345-4409-9167-3a532d0c16d4,oketchloyd67@gmail.com,The updates are here.,t,2026-08-19 23:07:24.678145+00
4ee85226-6f8d-4aba-b7d1-d9f55fa5704d,oketchloyd67@gmail.com,The OTP verification is taking forever.,t,2026-08-19 23:24:07.187013+00
dbb361db-19f6-4f11-bcc6-7ca49209f325,madfest60@gmail.com,We umbwa,t,2026-08-20 08:48:53.175949+00
d0546696-3cab-44a4-b2d0-2817be945709,madfest60@gmail.com,We umbwa,t,2026-08-20 08:48:53.984233+00
e5b225cc-9d7d-41ee-af7f-25b167fd1064,madfest60@gmail.com,We umbwa,t,2026-08-20 08:48:53.992476+00
dccc128a-c4f0-4d50-bbda-e39f4a61a8c6,madfest60@gmail.com,We umbwa,t,2026-08-20 08:48:54.329201+00
ea946076-9604-423e-a1ee-435e0ac075c6,madfest60@gmail.com,We umbwa,t,2026-08-20 08:48:54.025067+00
6062423e-b1c7-4cab-8f2d-691c145249c8,madfest60@gmail.com,We umbwa,t,2026-08-20 08:48:53.23724+00
7a712e4e-53b1-4d1a-a255-e0bc955df032,madfest60@gmail.com,We umbwa,t,2026-08-20 08:48:55.856939+00
76436d3a-37c0-497f-b456-21b1a94a5d91,madfest60@gmail.com,We umbwa,t,2026-08-20 08:48:55.857813+00
ae8c9377-f689-4799-9ed4-8a8a71b3a361,madfest60@gmail.com,We umbwa,t,2026-08-20 08:48:55.915968+00
eb87f930-fa77-44fb-be5e-108a57fd1709,madfest60@gmail.com,We umbwa,t,2026-08-20 08:48:58.15727+00
cf07ad82-7d59-4a7c-b839-9237a339e448,madfest60@gmail.com,We umbwa,t,2026-08-20 08:48:58.156968+00
1c07a3d2-5ac6-48b2-9081-2875f4b086b1,madfest60@gmail.com,We umbwa,t,2026-08-20 08:48:58.156989+00
be525d7a-822c-4526-9496-f927e0d34fcd,madfest60@gmail.com,We umbwa,t,2026-08-20 08:48:58.407086+00
bc0bbccd-926e-4711-88de-3c31141f2bdc,madfest60@gmail.com,We umbwa,t,2026-08-20 08:48:58.420026+00
b0a44319-a322-4771-a2fd-7f9d847c1b15,madfest60@gmail.com,We umbwa,t,2026-08-20 08:48:58.457022+00
da726701-39c4-4517-94ae-751e560840a5,madfest60@gmail.com,We umbwa,t,2026-08-20 08:48:58.157283+00
7722ca45-652b-4268-bbcc-a17562334344,madfest60@gmail.com,We umbwa,t,2026-08-20 08:48:58.157469+00
bf7b8faf-d095-478d-8e5e-0529ddef670d,madfest60@gmail.com,We umbwa,t,2026-08-20 08:48:58.15744+00
4d00df99-0171-4f38-adf9-f03e36315d1b,madfest60@gmail.com,We umbwa,t,2026-08-20 08:49:02.484669+00
683f9a65-cca3-4b80-b779-d9e1a18ac78e,madfest60@gmail.com,We umbwa,t,2026-08-20 08:49:02.482417+00
c89c9afa-881b-45b6-a7eb-d3b8cc87d510,madfest60@gmail.com,We umbwa,t,2026-08-20 08:49:02.485385+00
933607b3-ba9f-4527-8666-7977b758a6c8,madfest60@gmail.com,We umbwa,t,2026-08-20 08:49:02.4871+00
1abe037c-c323-46aa-b59d-027287098f72,madfest60@gmail.com,We umbwa,t,2026-08-20 08:49:02.48137+00
c7534bac-d62f-4afd-9d65-d2a2db767cd2,madfest60@gmail.com,We umbwa,t,2026-08-20 08:49:02.812813+00
81338c61-32f3-4508-86ae-930ab190b057,madfest60@gmail.com,We umbwa,t,2026-08-20 08:49:02.489736+00
43e13a8f-739b-4c6f-84e1-c422928ff0b2,madfest60@gmail.com,We umbwa,t,2026-08-20 08:49:02.490732+00
8d4d4757-cc79-47e4-96ed-ad62caa6911f,madfest60@gmail.com,We umbwa,t,2026-08-20 08:49:02.488568+00
e98adbb0-5b97-465f-8543-84b0cf82e5f4,madfest60@gmail.com,We umbwa,t,2026-08-20 08:49:02.483489+00
23c25b30-8769-4c3f-8825-40b7df473de4,madfest60@gmail.com,We umbwa,t,2026-08-20 08:49:02.492427+00
123b853b-4f87-4582-bb4b-388cb944ed8e,madfest60@gmail.com,We umbwa,t,2026-08-20 08:49:02.532009+00
44d844a8-fc4c-49ed-966d-f1fb98c9a1d0,madfest60@gmail.com,We umbwa,t,2026-08-20 08:49:02.527652+00
b31d1cea-8672-4c0e-a62a-9984c6c79598,madfest60@gmail.com,We umbwa,t,2026-08-20 08:49:02.817901+00
